{"cameraMode":{"drawMode":0,"name":"Shaded","section":"Shading Mode"},"sceneLighting":true,"audioPlay":false,"sceneViewState":{"showFog":true,"showMaterialUpdate":false,"showSkybox":true,"showFlares":true,"showImageEffects":true,"showParticleSystems":true},"in2DMode":false,"pivot":{"x":34.31776809692383,"y":27.382234573364259,"z":-70.58438873291016},"rotation":{"x":-0.3263500928878784,"y":0.024408409371972085,"z":-0.009750563651323319,"w":-0.9454469680786133},"size":1.6776331663131714,"orthographic":false}