{"cameraMode":{"drawMode":0,"name":"Shaded","section":"Shading Mode"},"sceneLighting":true,"audioPlay":false,"sceneViewState":{"showFog":true,"showMaterialUpdate":true,"showSkybox":true,"showFlares":true,"showImageEffects":true,"showParticleSystems":true},"in2DMode":false,"pivot":{"x":-150.86370849609376,"y":-222.86595153808595,"z":152.3723907470703},"rotation":{"x":-0.31402257084846499,"y":0.4631870985031128,"z":-0.1797400861978531,"w":-0.8090851306915283},"size":219.39280700683595,"orthographic":false}