{"cameraMode":{"drawMode":0,"name":"Shaded","section":"Shading Mode"},"sceneLighting":true,"audioPlay":false,"sceneViewState":{"showFog":true,"showMaterialUpdate":true,"showSkybox":true,"showFlares":true,"showImageEffects":true,"showParticleSystems":true},"in2DMode":false,"pivot":{"x":-188.06765747070313,"y":-222.02838134765626,"z":26.63381576538086},"rotation":{"x":-0.2653356194496155,"y":0.64110267162323,"z":-0.25211891531944277,"w":-0.6746050715446472},"size":193.03416442871095,"orthographic":false}