{"cameraMode":{"drawMode":0,"name":"Shaded","section":"Shading Mode"},"sceneLighting":false,"audioPlay":false,"sceneViewState":{"showFog":true,"showMaterialUpdate":true,"showSkybox":true,"showFlares":true,"showImageEffects":true,"showParticleSystems":true},"in2DMode":false,"pivot":{"x":-24.695240020751954,"y":36.039894104003909,"z":-20.552085876464845},"rotation":{"x":-0.1715128868818283,"y":-0.7892032265663147,"z":0.25428587198257449,"w":-0.5322839021682739},"size":10.0,"orthographic":false}