{"cameraMode":{"drawMode":0,"name":"Shaded","section":"Shading Mode"},"sceneLighting":true,"audioPlay":false,"sceneViewState":{"showFog":true,"showMaterialUpdate":true,"showSkybox":true,"showFlares":true,"showImageEffects":true,"showParticleSystems":true},"in2DMode":false,"pivot":{"x":-1.8084583282470704,"y":-54.42205047607422,"z":48.984745025634769},"rotation":{"x":0.41357025504112246,"y":-0.04450875148177147,"z":0.02025551348924637,"w":0.9091763496398926},"size":63.047760009765628,"orthographic":false}