{"cameraMode":{"drawMode":0,"name":"Shaded","section":"Shading Mode"},"sceneLighting":false,"audioPlay":false,"sceneViewState":{"showFog":true,"showMaterialUpdate":true,"showSkybox":true,"showFlares":true,"showImageEffects":true,"showParticleSystems":true},"in2DMode":false,"pivot":{"x":66.76444244384766,"y":-40.18381881713867,"z":12.48914623260498},"rotation":{"x":0.12386532872915268,"y":0.8732011914253235,"z":-0.299278199672699,"w":0.36520689725875857},"size":70.77798461914063,"orthographic":false}