{"cameraMode":{"drawMode":0,"name":"Shaded","section":"Shading Mode"},"sceneLighting":true,"audioPlay":false,"sceneViewState":{"showFog":true,"showMaterialUpdate":true,"showSkybox":true,"showFlares":true,"showImageEffects":true,"showParticleSystems":true},"in2DMode":false,"pivot":{"x":-99.34584045410156,"y":-18.351200103759767,"z":-23.5455265045166},"rotation":{"x":0.07516064494848252,"y":-0.7502062320709229,"z":0.0865868553519249,"w":0.6512114405632019},"size":54.035823822021487,"orthographic":false}