{"cameraMode":{"drawMode":0,"name":"Shaded","section":"Shading Mode"},"sceneLighting":false,"audioPlay":false,"sceneViewState":{"showFog":true,"showMaterialUpdate":true,"showSkybox":true,"showFlares":true,"showImageEffects":true,"showParticleSystems":true},"in2DMode":false,"pivot":{"x":17.387514114379884,"y":53.10786437988281,"z":-73.2889404296875},"rotation":{"x":0.5139850378036499,"y":0.1451990008354187,"z":-0.08989854156970978,"w":0.8410782217979431},"size":3.674234628677368,"orthographic":false}