{"cameraMode":{"drawMode":0,"name":"Shaded","section":"Shading Mode"},"sceneLighting":false,"audioPlay":false,"sceneViewState":{"showFog":true,"showMaterialUpdate":true,"showSkybox":true,"showFlares":true,"showImageEffects":true,"showParticleSystems":true},"in2DMode":false,"pivot":{"x":46.08210372924805,"y":107.50213623046875,"z":-109.6748046875},"rotation":{"x":0.4872371554374695,"y":0.04869217425584793,"z":-0.027262786403298379,"w":0.8716613054275513},"size":5.383897304534912,"orthographic":false}