{"cameraMode":{"drawMode":0,"name":"Shaded","section":"Shading Mode"},"sceneLighting":true,"audioPlay":false,"sceneViewState":{"showFog":true,"showMaterialUpdate":true,"showSkybox":true,"showFlares":true,"showImageEffects":true,"showParticleSystems":true},"in2DMode":false,"pivot":{"x":-58.879268646240237,"y":-35.00228500366211,"z":68.16654205322266},"rotation":{"x":0.18312932550907136,"y":-0.332582026720047,"z":0.06600465625524521,"w":0.9227837324142456},"size":58.531959533691409,"orthographic":false}