{"cameraMode":{"drawMode":0,"name":"Shaded","section":"Shading Mode"},"sceneLighting":false,"audioPlay":false,"sceneViewState":{"showFog":true,"showMaterialUpdate":true,"showSkybox":false,"showFlares":true,"showImageEffects":true,"showParticleSystems":true},"in2DMode":false,"pivot":{"x":-0.2438342571258545,"y":1.1847060918807984,"z":-0.5517158508300781},"rotation":{"x":-0.04202637821435928,"y":-0.9580068588256836,"z":0.1934024840593338,"w":-0.20807768404483796},"size":1.562253713607788,"orthographic":false}